mean_words,min_words,max_words,std_words
36.1865671641791,2,205,20.201551356254438
