train_count,dev_count,test_count,total_count,train_pct,dev_pct,test_pct
7786,1112,2224,11122,70.00539471318108,9.998201762272972,19.996403524545943
